#,Name,Type 1,Type 2,Total,HP,Attack,Defense,Sp. Atk,Sp. Def,Speed,Generation,Legendary,Armor
1.0,Bulbasaur,Grass,Poison,318.0,45,49,49,65,65,45,1.0,False,58
2.0,Ivysaur,Grass,Poison,405.0,60,62,63,80,80,60,1.0,False,75
3.0,Venusaur,Grass,Poison,525.0,80,82,83,100,100,80,1.0,False,99
3.0,VenusaurMega Venusaur,Grass,Poison,625.0,80,100,123,122,120,80,1.0,False,147
4.0,Charmander,Fire,,309.0,39,52,43,60,50,65,1.0,False,51
5.0,Charmeleon,Fire,,405.0,58,64,58,80,65,80,1.0,False,69
6.0,Charizard,Fire,Flying,534.0,78,84,78,109,85,100,1.0,False,93
6.0,CharizardMega Charizard X,Fire,Dragon,634.0,78,130,111,130,85,100,1.0,False,133
6.0,CharizardMega Charizard Y,Fire,Flying,634.0,78,104,78,159,115,100,1.0,False,93
7.0,Squirtle,Water,,314.0,44,48,65,50,64,43,1.0,False,78
8.0,Wartortle,Water,,405.0,59,63,80,65,80,58,1.0,False,96
9.0,Blastoise,Water,,530.0,79,83,100,85,105,78,1.0,False,120
9.0,BlastoiseMega Blastoise,Water,,630.0,79,103,120,135,115,78,1.0,False,144
10.0,Caterpie,Bug,,195.0,45,30,35,20,20,45,1.0,False,42
11.0,Metapod,Bug,,205.0,50,20,55,25,25,30,1.0,False,66
12.0,Butterfree,Bug,Flying,395.0,60,45,50,90,80,70,1.0,False,60
13.0,Weedle,Bug,Poison,195.0,40,35,30,20,20,50,1.0,False,36
14.0,Kakuna,Bug,Poison,205.0,45,25,50,25,25,35,1.0,False,60
15.0,Beedrill,Bug,Poison,395.0,65,90,40,45,80,75,1.0,False,48
15.0,BeedrillMega Beedrill,Bug,Poison,495.0,65,150,40,15,80,145,1.0,False,48
16.0,Pidgey,Normal,Flying,251.0,40,45,40,35,35,56,1.0,False,48
17.0,Pidgeotto,Normal,Flying,349.0,63,60,55,50,50,71,1.0,False,66
18.0,Pidgeot,Normal,Flying,479.0,83,80,75,70,70,101,1.0,False,90
18.0,PidgeotMega Pidgeot,Normal,Flying,579.0,83,80,80,135,80,121,1.0,False,96
19.0,Rattata,Normal,,253.0,30,56,35,25,35,72,1.0,False,42
20.0,Raticate,Normal,,413.0,55,81,60,50,70,97,1.0,False,72
21.0,Spearow,Normal,Flying,262.0,40,60,30,31,31,70,1.0,False,36
22.0,Fearow,Normal,Flying,442.0,65,90,65,61,61,100,1.0,False,78
23.0,Ekans,Poison,,288.0,35,60,44,40,54,55,1.0,False,52
24.0,Arbok,Poison,,438.0,60,85,69,65,79,80,1.0,False,82
25.0,Pikachu,Electric,,320.0,35,55,40,50,50,90,1.0,False,48
26.0,Raichu,Electric,,485.0,60,90,55,90,80,110,1.0,False,66
27.0,Sandshrew,Ground,,300.0,50,75,85,20,30,40,1.0,False,102
28.0,Sandslash,Ground,,450.0,75,100,110,45,55,65,1.0,False,132
29.0,Nidoran♀,Poison,,275.0,55,47,52,40,40,41,1.0,False,62
30.0,Nidorina,Poison,,365.0,70,62,67,55,55,56,1.0,False,80
31.0,Nidoqueen,Poison,Ground,505.0,90,92,87,75,85,76,1.0,False,104
32.0,Nidoran♂,Poison,,273.0,46,57,40,40,40,50,1.0,False,48
33.0,Nidorino,Poison,,365.0,61,72,57,55,55,65,1.0,False,68
34.0,Nidoking,Poison,Ground,505.0,81,102,77,85,75,85,1.0,False,92
35.0,Clefairy,Fairy,,323.0,70,45,48,60,65,35,1.0,False,57
36.0,Clefable,Fairy,,483.0,95,70,73,95,90,60,1.0,False,87
37.0,Vulpix,Fire,,299.0,38,41,40,50,65,65,1.0,False,48
38.0,Ninetales,Fire,,505.0,73,76,75,81,100,100,1.0,False,90
39.0,Jigglypuff,Normal,Fairy,270.0,115,45,20,45,25,20,1.0,False,24
40.0,Wigglytuff,Normal,Fairy,435.0,140,70,45,85,50,45,1.0,False,54
41.0,Zubat,Poison,Flying,245.0,40,45,35,30,40,55,1.0,False,42
42.0,Golbat,Poison,Flying,455.0,75,80,70,65,75,90,1.0,False,84
43.0,Oddish,Grass,Poison,320.0,45,50,55,75,65,30,1.0,False,66
44.0,Gloom,Grass,Poison,395.0,60,65,70,85,75,40,1.0,False,84
45.0,Vileplume,Grass,Poison,490.0,75,80,85,110,90,50,1.0,False,102
46.0,Paras,Bug,Grass,285.0,35,70,55,45,55,25,1.0,False,66
47.0,Parasect,Bug,Grass,405.0,60,95,80,60,80,30,1.0,False,96
48.0,Venonat,Bug,Poison,305.0,60,55,50,40,55,45,1.0,False,60
49.0,Venomoth,Bug,Poison,450.0,70,65,60,90,75,90,1.0,False,72
50.0,Diglett,Ground,,265.0,10,55,25,35,45,95,1.0,False,30
51.0,Dugtrio,Ground,,405.0,35,80,50,50,70,120,1.0,False,60
52.0,Meowth,Normal,,290.0,40,45,35,40,40,90,1.0,False,42
53.0,Persian,Normal,,440.0,65,70,60,65,65,115,1.0,False,72
54.0,Psyduck,Water,,320.0,50,52,48,65,50,55,1.0,False,57
55.0,Golduck,Water,,500.0,80,82,78,95,80,85,1.0,False,93
56.0,Mankey,Fighting,,305.0,40,80,35,35,45,70,1.0,False,42
57.0,Primeape,Fighting,,455.0,65,105,60,60,70,95,1.0,False,72
58.0,Growlithe,Fire,,350.0,55,70,45,70,50,60,1.0,False,54
59.0,Arcanine,Fire,,555.0,90,110,80,100,80,95,1.0,False,96
60.0,Poliwag,Water,,300.0,40,50,40,40,40,90,1.0,False,48
61.0,Poliwhirl,Water,,385.0,65,65,65,50,50,90,1.0,False,78
62.0,Poliwrath,Water,Fighting,510.0,90,95,95,70,90,70,1.0,False,114
63.0,Abra,Psychic,,310.0,25,20,15,105,55,90,1.0,False,18
64.0,Kadabra,Psychic,,400.0,40,35,30,120,70,105,1.0,False,36
65.0,Alakazam,Psychic,,500.0,55,50,45,135,95,120,1.0,False,54
65.0,AlakazamMega Alakazam,Psychic,,590.0,55,50,65,175,95,150,1.0,False,78
66.0,Machop,Fighting,,305.0,70,80,50,35,35,35,1.0,False,60
67.0,Machoke,Fighting,,405.0,80,100,70,50,60,45,1.0,False,84
68.0,Machamp,Fighting,,505.0,90,130,80,65,85,55,1.0,False,96
69.0,Bellsprout,Grass,Poison,300.0,50,75,35,70,30,40,1.0,False,42
70.0,Weepinbell,Grass,Poison,390.0,65,90,50,85,45,55,1.0,False,60
71.0,Victreebel,Grass,Poison,490.0,80,105,65,100,70,70,1.0,False,78
72.0,Tentacool,Water,Poison,335.0,40,40,35,50,100,70,1.0,False,42
73.0,Tentacruel,Water,Poison,515.0,80,70,65,80,120,100,1.0,False,78
74.0,Geodude,Rock,Ground,300.0,40,80,100,30,30,20,1.0,False,120
75.0,Graveler,Rock,Ground,390.0,55,95,115,45,45,35,1.0,False,138
76.0,Golem,Rock,Ground,495.0,80,120,130,55,65,45,1.0,False,156
77.0,Ponyta,Fire,,410.0,50,85,55,65,65,90,1.0,False,66
78.0,Rapidash,Fire,,500.0,65,100,70,80,80,105,1.0,False,84
79.0,Slowpoke,Water,Psychic,315.0,90,65,65,40,40,15,1.0,False,78
80.0,Slowbro,Water,Psychic,490.0,95,75,110,100,80,30,1.0,False,132
80.0,SlowbroMega Slowbro,Water,Psychic,590.0,95,75,180,130,80,30,1.0,False,216
81.0,Magnemite,Electric,Steel,325.0,25,35,70,95,55,45,1.0,False,84
82.0,Magneton,Electric,Steel,465.0,50,60,95,120,70,70,1.0,False,114
83.0,Farfetch'd,Normal,Flying,352.0,52,65,55,58,62,60,1.0,False,66
84.0,Doduo,Normal,Flying,310.0,35,85,45,35,35,75,1.0,False,54
85.0,Dodrio,Normal,Flying,460.0,60,110,70,60,60,100,1.0,False,84
86.0,Seel,Water,,325.0,65,45,55,45,70,45,1.0,False,66
87.0,Dewgong,Water,Ice,475.0,90,70,80,70,95,70,1.0,False,96
88.0,Grimer,Poison,,325.0,80,80,50,40,50,25,1.0,False,60
89.0,Muk,Poison,,500.0,105,105,75,65,100,50,1.0,False,90
90.0,Shellder,Water,,305.0,30,65,100,45,25,40,1.0,False,120
91.0,Cloyster,Water,Ice,525.0,50,95,180,85,45,70,1.0,False,216
92.0,Gastly,Ghost,Poison,310.0,30,35,30,100,35,80,1.0,False,36
93.0,Haunter,Ghost,Poison,405.0,45,50,45,115,55,95,1.0,False,54
94.0,Gengar,Ghost,Poison,500.0,60,65,60,130,75,110,1.0,False,72
94.0,GengarMega Gengar,Ghost,Poison,600.0,60,65,80,170,95,130,1.0,False,96
95.0,Onix,Rock,Ground,385.0,35,45,160,30,45,70,1.0,False,192
96.0,Drowzee,Psychic,,328.0,60,48,45,43,90,42,1.0,False,54
97.0,Hypno,Psychic,,483.0,85,73,70,73,115,67,1.0,False,84
98.0,Krabby,Water,,325.0,30,105,90,25,25,50,1.0,False,108
99.0,Kingler,Water,,475.0,55,130,115,50,50,75,1.0,False,138
100.0,Voltorb,Electric,,330.0,40,30,50,55,55,100,1.0,False,60
101.0,Electrode,Electric,,480.0,60,50,70,80,80,140,1.0,False,84
102.0,Exeggcute,Grass,Psychic,325.0,60,40,80,60,45,40,1.0,False,96
103.0,Exeggutor,Grass,Psychic,520.0,95,95,85,125,65,55,1.0,False,102
104.0,Cubone,Ground,,320.0,50,50,95,40,50,35,1.0,False,114
105.0,Marowak,Ground,,425.0,60,80,110,50,80,45,1.0,False,132
106.0,Hitmonlee,Fighting,,455.0,50,120,53,35,110,87,1.0,False,63
107.0,Hitmonchan,Fighting,,455.0,50,105,79,35,110,76,1.0,False,94
108.0,Lickitung,Normal,,385.0,90,55,75,60,75,30,1.0,False,90
109.0,Koffing,Poison,,340.0,40,65,95,60,45,35,1.0,False,114
110.0,Weezing,Poison,,490.0,65,90,120,85,70,60,1.0,False,144
111.0,Rhyhorn,Ground,Rock,345.0,80,85,95,30,30,25,1.0,False,114
112.0,Rhydon,Ground,Rock,485.0,105,130,120,45,45,40,1.0,False,144
113.0,Chansey,Normal,,450.0,250,5,5,35,105,50,1.0,False,6
114.0,Tangela,Grass,,435.0,65,55,115,100,40,60,1.0,False,138
115.0,Kangaskhan,Normal,,490.0,105,95,80,40,80,90,1.0,False,96
115.0,KangaskhanMega Kangaskhan,Normal,,590.0,105,125,100,60,100,100,1.0,False,120
116.0,Horsea,Water,,295.0,30,40,70,70,25,60,1.0,False,84
117.0,Seadra,Water,,440.0,55,65,95,95,45,85,1.0,False,114
118.0,Goldeen,Water,,320.0,45,67,60,35,50,63,1.0,False,72
119.0,Seaking,Water,,450.0,80,92,65,65,80,68,1.0,False,78
120.0,Staryu,Water,,340.0,30,45,55,70,55,85,1.0,False,66
121.0,Starmie,Water,Psychic,520.0,60,75,85,100,85,115,1.0,False,102
122.0,Mr. Mime,Psychic,Fairy,460.0,40,45,65,100,120,90,1.0,False,78
123.0,Scyther,Bug,Flying,500.0,70,110,80,55,80,105,1.0,False,96
124.0,Jynx,Ice,Psychic,455.0,65,50,35,115,95,95,1.0,False,42
125.0,Electabuzz,Electric,,490.0,65,83,57,95,85,105,1.0,False,68
126.0,Magmar,Fire,,495.0,65,95,57,100,85,93,1.0,False,68
127.0,Pinsir,Bug,,500.0,65,125,100,55,70,85,1.0,False,120
127.0,PinsirMega Pinsir,Bug,Flying,600.0,65,155,120,65,90,105,1.0,False,144
128.0,Tauros,Normal,,490.0,75,100,95,40,70,110,1.0,False,114
129.0,Magikarp,Water,,200.0,20,10,55,15,20,80,1.0,False,66
130.0,Gyarados,Water,Flying,540.0,95,125,79,60,100,81,1.0,False,94
130.0,GyaradosMega Gyarados,Water,Dark,640.0,95,155,109,70,130,81,1.0,False,130
131.0,Lapras,Water,Ice,535.0,130,85,80,85,95,60,1.0,False,96
132.0,Ditto,Normal,,288.0,48,48,48,48,48,48,1.0,False,57
133.0,Eevee,Normal,,325.0,55,55,50,45,65,55,1.0,False,60
134.0,Vaporeon,Water,,525.0,130,65,60,110,95,65,1.0,False,72
135.0,Jolteon,Electric,,525.0,65,65,60,110,95,130,1.0,False,72
136.0,Flareon,Fire,,525.0,65,130,60,95,110,65,1.0,False,72
137.0,Porygon,Normal,,395.0,65,60,70,85,75,40,1.0,False,84
138.0,Omanyte,Rock,Water,355.0,35,40,100,90,55,35,1.0,False,120
139.0,Omastar,Rock,Water,495.0,70,60,125,115,70,55,1.0,False,150
140.0,Kabuto,Rock,Water,355.0,30,80,90,55,45,55,1.0,False,108
141.0,Kabutops,Rock,Water,495.0,60,115,105,65,70,80,1.0,False,126
142.0,Aerodactyl,Rock,Flying,515.0,80,105,65,60,75,130,1.0,False,78
142.0,AerodactylMega Aerodactyl,Rock,Flying,615.0,80,135,85,70,95,150,1.0,False,102
143.0,Snorlax,Normal,,540.0,160,110,65,65,110,30,1.0,False,78
144.0,Articuno,Ice,Flying,580.0,90,85,100,95,125,85,1.0,True,120
145.0,Zapdos,Electric,Flying,580.0,90,90,85,125,90,100,1.0,True,102
146.0,Moltres,Fire,Flying,580.0,90,100,90,125,85,90,1.0,True,108
147.0,Dratini,Dragon,,300.0,41,64,45,50,50,50,1.0,False,54
148.0,Dragonair,Dragon,,420.0,61,84,65,70,70,70,1.0,False,78
149.0,Dragonite,Dragon,Flying,600.0,91,134,95,100,100,80,1.0,False,114
150.0,Mewtwo,Psychic,,680.0,106,110,90,154,90,130,1.0,True,108
150.0,MewtwoMega Mewtwo X,Psychic,Fighting,780.0,106,190,100,154,100,130,1.0,True,120
150.0,MewtwoMega Mewtwo Y,Psychic,,780.0,106,150,70,194,120,140,1.0,True,84
151.0,Mew,Psychic,,600.0,100,100,100,100,100,100,1.0,False,120
152.0,Chikorita,Grass,,318.0,45,49,65,49,65,45,2.0,False,78
153.0,Bayleef,Grass,,405.0,60,62,80,63,80,60,2.0,False,96
154.0,Meganium,Grass,,525.0,80,82,100,83,100,80,2.0,False,120
155.0,Cyndaquil,Fire,,309.0,39,52,43,60,50,65,2.0,False,51
156.0,Quilava,Fire,,405.0,58,64,58,80,65,80,2.0,False,69
157.0,Typhlosion,Fire,,534.0,78,84,78,109,85,100,2.0,False,93
158.0,Totodile,Water,,314.0,50,65,64,44,48,43,2.0,False,76
159.0,Croconaw,Water,,405.0,65,80,80,59,63,58,2.0,False,96
160.0,Feraligatr,Water,,530.0,85,105,100,79,83,78,2.0,False,120
161.0,Sentret,Normal,,215.0,35,46,34,35,45,20,2.0,False,40
162.0,Furret,Normal,,415.0,85,76,64,45,55,90,2.0,False,76
163.0,Hoothoot,Normal,Flying,262.0,60,30,30,36,56,50,2.0,False,36
164.0,Noctowl,Normal,Flying,442.0,100,50,50,76,96,70,2.0,False,60
165.0,Ledyba,Bug,Flying,265.0,40,20,30,40,80,55,2.0,False,36
166.0,Ledian,Bug,Flying,390.0,55,35,50,55,110,85,2.0,False,60
167.0,Spinarak,Bug,Poison,250.0,40,60,40,40,40,30,2.0,False,48
168.0,Ariados,Bug,Poison,390.0,70,90,70,60,60,40,2.0,False,84
169.0,Crobat,Poison,Flying,535.0,85,90,80,70,80,130,2.0,False,96
170.0,Chinchou,Water,Electric,330.0,75,38,38,56,56,67,2.0,False,45
171.0,Lanturn,Water,Electric,460.0,125,58,58,76,76,67,2.0,False,69
172.0,Pichu,Electric,,205.0,20,40,15,35,35,60,2.0,False,18
173.0,Cleffa,Fairy,,218.0,50,25,28,45,55,15,2.0,False,33
174.0,Igglybuff,Normal,Fairy,210.0,90,30,15,40,20,15,2.0,False,18
175.0,Togepi,Fairy,,245.0,35,20,65,40,65,20,2.0,False,78
176.0,Togetic,Fairy,Flying,405.0,55,40,85,80,105,40,2.0,False,102
177.0,Natu,Psychic,Flying,320.0,40,50,45,70,45,70,2.0,False,54
178.0,Xatu,Psychic,Flying,470.0,65,75,70,95,70,95,2.0,False,84
179.0,Mareep,Electric,,280.0,55,40,40,65,45,35,2.0,False,48
180.0,Flaaffy,Electric,,365.0,70,55,55,80,60,45,2.0,False,66
181.0,Ampharos,Electric,,510.0,90,75,85,115,90,55,2.0,False,102
181.0,AmpharosMega Ampharos,Electric,Dragon,610.0,90,95,105,165,110,45,2.0,False,126
182.0,Bellossom,Grass,,490.0,75,80,95,90,100,50,2.0,False,114
183.0,Marill,Water,Fairy,250.0,70,20,50,20,50,40,2.0,False,60
184.0,Azumarill,Water,Fairy,420.0,100,50,80,60,80,50,2.0,False,96
185.0,Sudowoodo,Rock,,410.0,70,100,115,30,65,30,2.0,False,138
186.0,Politoed,Water,,500.0,90,75,75,90,100,70,2.0,False,90
187.0,Hoppip,Grass,Flying,250.0,35,35,40,35,55,50,2.0,False,48
188.0,Skiploom,Grass,Flying,340.0,55,45,50,45,65,80,2.0,False,60
189.0,Jumpluff,Grass,Flying,460.0,75,55,70,55,95,110,2.0,False,84
190.0,Aipom,Normal,,360.0,55,70,55,40,55,85,2.0,False,66
191.0,Sunkern,Grass,,180.0,30,30,30,30,30,30,2.0,False,36
192.0,Sunflora,Grass,,425.0,75,75,55,105,85,30,2.0,False,66
193.0,Yanma,Bug,Flying,390.0,65,65,45,75,45,95,2.0,False,54
194.0,Wooper,Water,Ground,210.0,55,45,45,25,25,15,2.0,False,54
195.0,Quagsire,Water,Ground,430.0,95,85,85,65,65,35,2.0,False,102
196.0,Espeon,Psychic,,525.0,65,65,60,130,95,110,2.0,False,72
197.0,Umbreon,Dark,,525.0,95,65,110,60,130,65,2.0,False,132
198.0,Murkrow,Dark,Flying,405.0,60,85,42,85,42,91,2.0,False,50
199.0,Slowking,Water,Psychic,490.0,95,75,80,100,110,30,2.0,False,96
200.0,Misdreavus,Ghost,,435.0,60,60,60,85,85,85,2.0,False,72
201.0,Unown,Psychic,,336.0,48,72,48,72,48,48,2.0,False,57
202.0,Wobbuffet,Psychic,,405.0,190,33,58,33,58,33,2.0,False,69
203.0,Girafarig,Normal,Psychic,455.0,70,80,65,90,65,85,2.0,False,78
204.0,Pineco,Bug,,290.0,50,65,90,35,35,15,2.0,False,108
205.0,Forretress,Bug,Steel,465.0,75,90,140,60,60,40,2.0,False,168
206.0,Dunsparce,Normal,,415.0,100,70,70,65,65,45,2.0,False,84
207.0,Gligar,Ground,Flying,430.0,65,75,105,35,65,85,2.0,False,126
208.0,Steelix,Steel,Ground,510.0,75,85,200,55,65,30,2.0,False,240
208.0,SteelixMega Steelix,Steel,Ground,610.0,75,125,230,55,95,30,2.0,False,276
209.0,Snubbull,Fairy,,300.0,60,80,50,40,40,30,2.0,False,60
210.0,Granbull,Fairy,,450.0,90,120,75,60,60,45,2.0,False,90
211.0,Qwilfish,Water,Poison,430.0,65,95,75,55,55,85,2.0,False,90
212.0,Scizor,Bug,Steel,500.0,70,130,100,55,80,65,2.0,False,120
212.0,ScizorMega Scizor,Bug,Steel,600.0,70,150,140,65,100,75,2.0,False,168
213.0,Shuckle,Bug,Rock,505.0,20,10,230,10,230,5,2.0,False,276
214.0,Heracross,Bug,Fighting,500.0,80,125,75,40,95,85,2.0,False,90
214.0,HeracrossMega Heracross,Bug,Fighting,600.0,80,185,115,40,105,75,2.0,False,138
215.0,Sneasel,Dark,Ice,430.0,55,95,55,35,75,115,2.0,False,66
216.0,Teddiursa,Normal,,330.0,60,80,50,50,50,40,2.0,False,60
217.0,Ursaring,Normal,,500.0,90,130,75,75,75,55,2.0,False,90
218.0,Slugma,Fire,,250.0,40,40,40,70,40,20,2.0,False,48
219.0,Magcargo,Fire,Rock,410.0,50,50,120,80,80,30,2.0,False,144
220.0,Swinub,Ice,Ground,250.0,50,50,40,30,30,50,2.0,False,48
221.0,Piloswine,Ice,Ground,450.0,100,100,80,60,60,50,2.0,False,96
222.0,Corsola,Water,Rock,380.0,55,55,85,65,85,35,2.0,False,102
223.0,Remoraid,Water,,300.0,35,65,35,65,35,65,2.0,False,42
224.0,Octillery,Water,,480.0,75,105,75,105,75,45,2.0,False,90
225.0,Delibird,Ice,Flying,330.0,45,55,45,65,45,75,2.0,False,54
226.0,Mantine,Water,Flying,465.0,65,40,70,80,140,70,2.0,False,84
227.0,Skarmory,Steel,Flying,465.0,65,80,140,40,70,70,2.0,False,168
228.0,Houndour,Dark,Fire,330.0,45,60,30,80,50,65,2.0,False,36
229.0,Houndoom,Dark,Fire,500.0,75,90,50,110,80,95,2.0,False,60
229.0,HoundoomMega Houndoom,Dark,Fire,600.0,75,90,90,140,90,115,2.0,False,108
230.0,Kingdra,Water,Dragon,540.0,75,95,95,95,95,85,2.0,False,114
231.0,Phanpy,Ground,,330.0,90,60,60,40,40,40,2.0,False,72
232.0,Donphan,Ground,,500.0,90,120,120,60,60,50,2.0,False,144
233.0,Porygon2,Normal,,515.0,85,80,90,105,95,60,2.0,False,108
234.0,Stantler,Normal,,465.0,73,95,62,85,65,85,2.0,False,74
235.0,Smeargle,Normal,,250.0,55,20,35,20,45,75,2.0,False,42
236.0,Tyrogue,Fighting,,210.0,35,35,35,35,35,35,2.0,False,42
237.0,Hitmontop,Fighting,,455.0,50,95,95,35,110,70,2.0,False,114
238.0,Smoochum,Ice,Psychic,305.0,45,30,15,85,65,65,2.0,False,18
239.0,Elekid,Electric,,360.0,45,63,37,65,55,95,2.0,False,44
240.0,Magby,Fire,,365.0,45,75,37,70,55,83,2.0,False,44
241.0,Miltank,Normal,,490.0,95,80,105,40,70,100,2.0,False,126
242.0,Blissey,Normal,,540.0,255,10,10,75,135,55,2.0,False,12
243.0,Raikou,Electric,,580.0,90,85,75,115,100,115,2.0,True,90
244.0,Entei,Fire,,580.0,115,115,85,90,75,100,2.0,True,102
245.0,Suicune,Water,,580.0,100,75,115,90,115,85,2.0,True,138
246.0,Larvitar,Rock,Ground,300.0,50,64,50,45,50,41,2.0,False,60
247.0,Pupitar,Rock,Ground,410.0,70,84,70,65,70,51,2.0,False,84
248.0,Tyranitar,Rock,Dark,600.0,100,134,110,95,100,61,2.0,False,132
248.0,TyranitarMega Tyranitar,Rock,Dark,700.0,100,164,150,95,120,71,2.0,False,180
249.0,Lugia,Psychic,Flying,680.0,106,90,130,90,154,110,2.0,True,156
250.0,Ho-oh,Fire,Flying,680.0,106,130,90,110,154,90,2.0,True,108
251.0,Celebi,Psychic,Grass,600.0,100,100,100,100,100,100,2.0,False,120
252.0,Treecko,Grass,,310.0,40,45,35,65,55,70,3.0,False,42
253.0,Grovyle,Grass,,405.0,50,65,45,85,65,95,3.0,False,54
254.0,Sceptile,Grass,,530.0,70,85,65,105,85,120,3.0,False,78
254.0,SceptileMega Sceptile,Grass,Dragon,630.0,70,110,75,145,85,145,3.0,False,90
255.0,Torchic,Fire,,310.0,45,60,40,70,50,45,3.0,False,48
256.0,Combusken,Fire,Fighting,405.0,60,85,60,85,60,55,3.0,False,72
257.0,Blaziken,Fire,Fighting,530.0,80,120,70,110,70,80,3.0,False,84
257.0,BlazikenMega Blaziken,Fire,Fighting,630.0,80,160,80,130,80,100,3.0,False,96
258.0,Mudkip,Water,,310.0,50,70,50,50,50,40,3.0,False,60
259.0,Marshtomp,Water,Ground,405.0,70,85,70,60,70,50,3.0,False,84
260.0,Swampert,Water,Ground,535.0,100,110,90,85,90,60,3.0,False,108
260.0,SwampertMega Swampert,Water,Ground,635.0,100,150,110,95,110,70,3.0,False,132
261.0,Poochyena,Dark,,220.0,35,55,35,30,30,35,3.0,False,42
262.0,Mightyena,Dark,,420.0,70,90,70,60,60,70,3.0,False,84
263.0,Zigzagoon,Normal,,240.0,38,30,41,30,41,60,3.0,False,49
264.0,Linoone,Normal,,420.0,78,70,61,50,61,100,3.0,False,73
265.0,Wurmple,Bug,,195.0,45,45,35,20,30,20,3.0,False,42
266.0,Silcoon,Bug,,205.0,50,35,55,25,25,15,3.0,False,66
267.0,Beautifly,Bug,Flying,395.0,60,70,50,100,50,65,3.0,False,60
268.0,Cascoon,Bug,,205.0,50,35,55,25,25,15,3.0,False,66
269.0,Dustox,Bug,Poison,385.0,60,50,70,50,90,65,3.0,False,84
270.0,Lotad,Water,Grass,220.0,40,30,30,40,50,30,3.0,False,36
271.0,Lombre,Water,Grass,340.0,60,50,50,60,70,50,3.0,False,60
272.0,Ludicolo,Water,Grass,480.0,80,70,70,90,100,70,3.0,False,84
273.0,Seedot,Grass,,220.0,40,40,50,30,30,30,3.0,False,60
274.0,Nuzleaf,Grass,Dark,340.0,70,70,40,60,40,60,3.0,False,48
275.0,Shiftry,Grass,Dark,480.0,90,100,60,90,60,80,3.0,False,72
276.0,Taillow,Normal,Flying,270.0,40,55,30,30,30,85,3.0,False,36
277.0,Swellow,Normal,Flying,430.0,60,85,60,50,50,125,3.0,False,72
278.0,Wingull,Water,Flying,270.0,40,30,30,55,30,85,3.0,False,36
279.0,Pelipper,Water,Flying,430.0,60,50,100,85,70,65,3.0,False,120
280.0,Ralts,Psychic,Fairy,198.0,28,25,25,45,35,40,3.0,False,30
281.0,Kirlia,Psychic,Fairy,278.0,38,35,35,65,55,50,3.0,False,42
282.0,Gardevoir,Psychic,Fairy,518.0,68,65,65,125,115,80,3.0,False,78
282.0,GardevoirMega Gardevoir,Psychic,Fairy,618.0,68,85,65,165,135,100,3.0,False,78
283.0,Surskit,Bug,Water,269.0,40,30,32,50,52,65,3.0,False,38
284.0,Masquerain,Bug,Flying,414.0,70,60,62,80,82,60,3.0,False,74
285.0,Shroomish,Grass,,295.0,60,40,60,40,60,35,3.0,False,72
286.0,Breloom,Grass,Fighting,460.0,60,130,80,60,60,70,3.0,False,96
287.0,Slakoth,Normal,,280.0,60,60,60,35,35,30,3.0,False,72
288.0,Vigoroth,Normal,,440.0,80,80,80,55,55,90,3.0,False,96
289.0,Slaking,Normal,,670.0,150,160,100,95,65,100,3.0,False,120
290.0,Nincada,Bug,Ground,266.0,31,45,90,30,30,40,3.0,False,108
291.0,Ninjask,Bug,Flying,456.0,61,90,45,50,50,160,3.0,False,54
292.0,Shedinja,Bug,Ghost,236.0,1,90,45,30,30,40,3.0,False,54
293.0,Whismur,Normal,,240.0,64,51,23,51,23,28,3.0,False,27
294.0,Loudred,Normal,,360.0,84,71,43,71,43,48,3.0,False,51
295.0,Exploud,Normal,,490.0,104,91,63,91,73,68,3.0,False,75
296.0,Makuhita,Fighting,,237.0,72,60,30,20,30,25,3.0,False,36
297.0,Hariyama,Fighting,,474.0,144,120,60,40,60,50,3.0,False,72
298.0,Azurill,Normal,Fairy,190.0,50,20,40,20,40,20,3.0,False,48
299.0,Nosepass,Rock,,375.0,30,45,135,45,90,30,3.0,False,162
300.0,Skitty,Normal,,260.0,50,45,45,35,35,50,3.0,False,54
301.0,Delcatty,Normal,,380.0,70,65,65,55,55,70,3.0,False,78
302.0,Sableye,Dark,Ghost,380.0,50,75,75,65,65,50,3.0,False,90
302.0,SableyeMega Sableye,Dark,Ghost,480.0,50,85,125,85,115,20,3.0,False,150
303.0,Mawile,Steel,Fairy,380.0,50,85,85,55,55,50,3.0,False,102
303.0,MawileMega Mawile,Steel,Fairy,480.0,50,105,125,55,95,50,3.0,False,150
304.0,Aron,Steel,Rock,330.0,50,70,100,40,40,30,3.0,False,120
305.0,Lairon,Steel,Rock,430.0,60,90,140,50,50,40,3.0,False,168
306.0,Aggron,Steel,Rock,530.0,70,110,180,60,60,50,3.0,False,216
306.0,AggronMega Aggron,Steel,,630.0,70,140,230,60,80,50,3.0,False,276
307.0,Meditite,Fighting,Psychic,280.0,30,40,55,40,55,60,3.0,False,66
308.0,Medicham,Fighting,Psychic,410.0,60,60,75,60,75,80,3.0,False,90
308.0,MedichamMega Medicham,Fighting,Psychic,510.0,60,100,85,80,85,100,3.0,False,102
309.0,Electrike,Electric,,295.0,40,45,40,65,40,65,3.0,False,48
310.0,Manectric,Electric,,475.0,70,75,60,105,60,105,3.0,False,72
310.0,ManectricMega Manectric,Electric,,575.0,70,75,80,135,80,135,3.0,False,96
311.0,Plusle,Electric,,405.0,60,50,40,85,75,95,3.0,False,48
312.0,Minun,Electric,,405.0,60,40,50,75,85,95,3.0,False,60
313.0,Volbeat,Bug,,400.0,65,73,55,47,75,85,3.0,False,66
314.0,Illumise,Bug,,400.0,65,47,55,73,75,85,3.0,False,66
315.0,Roselia,Grass,Poison,400.0,50,60,45,100,80,65,3.0,False,54
316.0,Gulpin,Poison,,302.0,70,43,53,43,53,40,3.0,False,63
317.0,Swalot,Poison,,467.0,100,73,83,73,83,55,3.0,False,99
318.0,Carvanha,Water,Dark,305.0,45,90,20,65,20,65,3.0,False,24
319.0,Sharpedo,Water,Dark,460.0,70,120,40,95,40,95,3.0,False,48
319.0,SharpedoMega Sharpedo,Water,Dark,560.0,70,140,70,110,65,105,3.0,False,84
320.0,Wailmer,Water,,400.0,130,70,35,70,35,60,3.0,False,42
321.0,Wailord,Water,,500.0,170,90,45,90,45,60,3.0,False,54
322.0,Numel,Fire,Ground,305.0,60,60,40,65,45,35,3.0,False,48
323.0,Camerupt,Fire,Ground,460.0,70,100,70,105,75,40,3.0,False,84
323.0,CameruptMega Camerupt,Fire,Ground,560.0,70,120,100,145,105,20,3.0,False,120
324.0,Torkoal,Fire,,470.0,70,85,140,85,70,20,3.0,False,168
325.0,Spoink,Psychic,,330.0,60,25,35,70,80,60,3.0,False,42
326.0,Grumpig,Psychic,,470.0,80,45,65,90,110,80,3.0,False,78
327.0,Spinda,Normal,,360.0,60,60,60,60,60,60,3.0,False,72
328.0,Trapinch,Ground,,290.0,45,100,45,45,45,10,3.0,False,54
329.0,Vibrava,Ground,Dragon,340.0,50,70,50,50,50,70,3.0,False,60
330.0,Flygon,Ground,Dragon,520.0,80,100,80,80,80,100,3.0,False,96
331.0,Cacnea,Grass,,335.0,50,85,40,85,40,35,3.0,False,48
332.0,Cacturne,Grass,Dark,475.0,70,115,60,115,60,55,3.0,False,72
333.0,Swablu,Normal,Flying,310.0,45,40,60,40,75,50,3.0,False,72
334.0,Altaria,Dragon,Flying,490.0,75,70,90,70,105,80,3.0,False,108
334.0,AltariaMega Altaria,Dragon,Fairy,590.0,75,110,110,110,105,80,3.0,False,132
335.0,Zangoose,Normal,,458.0,73,115,60,60,60,90,3.0,False,72
336.0,Seviper,Poison,,458.0,73,100,60,100,60,65,3.0,False,72
337.0,Lunatone,Rock,Psychic,440.0,70,55,65,95,85,70,3.0,False,78
338.0,Solrock,Rock,Psychic,440.0,70,95,85,55,65,70,3.0,False,102
339.0,Barboach,Water,Ground,288.0,50,48,43,46,41,60,3.0,False,51
340.0,Whiscash,Water,Ground,468.0,110,78,73,76,71,60,3.0,False,87
341.0,Corphish,Water,,308.0,43,80,65,50,35,35,3.0,False,78
342.0,Crawdaunt,Water,Dark,468.0,63,120,85,90,55,55,3.0,False,102
343.0,Baltoy,Ground,Psychic,300.0,40,40,55,40,70,55,3.0,False,66
344.0,Claydol,Ground,Psychic,500.0,60,70,105,70,120,75,3.0,False,126
345.0,Lileep,Rock,Grass,355.0,66,41,77,61,87,23,3.0,False,92
346.0,Cradily,Rock,Grass,495.0,86,81,97,81,107,43,3.0,False,116
347.0,Anorith,Rock,Bug,355.0,45,95,50,40,50,75,3.0,False,60
348.0,Armaldo,Rock,Bug,495.0,75,125,100,70,80,45,3.0,False,120
349.0,Feebas,Water,,200.0,20,15,20,10,55,80,3.0,False,24
350.0,Milotic,Water,,540.0,95,60,79,100,125,81,3.0,False,94
351.0,Castform,Normal,,420.0,70,70,70,70,70,70,3.0,False,84
352.0,Kecleon,Normal,,440.0,60,90,70,60,120,40,3.0,False,84
353.0,Shuppet,Ghost,,295.0,44,75,35,63,33,45,3.0,False,42
354.0,Banette,Ghost,,455.0,64,115,65,83,63,65,3.0,False,78
354.0,BanetteMega Banette,Ghost,,555.0,64,165,75,93,83,75,3.0,False,90
355.0,Duskull,Ghost,,295.0,20,40,90,30,90,25,3.0,False,108
356.0,Dusclops,Ghost,,455.0,40,70,130,60,130,25,3.0,False,156
357.0,Tropius,Grass,Flying,460.0,99,68,83,72,87,51,3.0,False,99
358.0,Chimecho,Psychic,,425.0,65,50,70,95,80,65,3.0,False,84
359.0,Absol,Dark,,465.0,65,130,60,75,60,75,3.0,False,72
359.0,AbsolMega Absol,Dark,,565.0,65,150,60,115,60,115,3.0,False,72
360.0,Wynaut,Psychic,,260.0,95,23,48,23,48,23,3.0,False,57
361.0,Snorunt,Ice,,300.0,50,50,50,50,50,50,3.0,False,60
362.0,Glalie,Ice,,480.0,80,80,80,80,80,80,3.0,False,96
362.0,GlalieMega Glalie,Ice,,580.0,80,120,80,120,80,100,3.0,False,96
363.0,Spheal,Ice,Water,290.0,70,40,50,55,50,25,3.0,False,60
364.0,Sealeo,Ice,Water,410.0,90,60,70,75,70,45,3.0,False,84
365.0,Walrein,Ice,Water,530.0,110,80,90,95,90,65,3.0,False,108
366.0,Clamperl,Water,,345.0,35,64,85,74,55,32,3.0,False,102
367.0,Huntail,Water,,485.0,55,104,105,94,75,52,3.0,False,126
368.0,Gorebyss,Water,,485.0,55,84,105,114,75,52,3.0,False,126
369.0,Relicanth,Water,Rock,485.0,100,90,130,45,65,55,3.0,False,156
370.0,Luvdisc,Water,,330.0,43,30,55,40,65,97,3.0,False,66
371.0,Bagon,Dragon,,300.0,45,75,60,40,30,50,3.0,False,72
372.0,Shelgon,Dragon,,420.0,65,95,100,60,50,50,3.0,False,120
373.0,Salamence,Dragon,Flying,600.0,95,135,80,110,80,100,3.0,False,96
373.0,SalamenceMega Salamence,Dragon,Flying,700.0,95,145,130,120,90,120,3.0,False,156
374.0,Beldum,Steel,Psychic,300.0,40,55,80,35,60,30,3.0,False,96
375.0,Metang,Steel,Psychic,420.0,60,75,100,55,80,50,3.0,False,120
376.0,Metagross,Steel,Psychic,600.0,80,135,130,95,90,70,3.0,False,156
376.0,MetagrossMega Metagross,Steel,Psychic,700.0,80,145,150,105,110,110,3.0,False,180
377.0,Regirock,Rock,,580.0,80,100,200,50,100,50,3.0,True,240
378.0,Regice,Ice,,580.0,80,50,100,100,200,50,3.0,True,120
379.0,Registeel,Steel,,580.0,80,75,150,75,150,50,3.0,True,180
380.0,Latias,Dragon,Psychic,600.0,80,80,90,110,130,110,3.0,True,108
380.0,LatiasMega Latias,Dragon,Psychic,700.0,80,100,120,140,150,110,3.0,True,144
381.0,Latios,Dragon,Psychic,600.0,80,90,80,130,110,110,3.0,True,96
381.0,LatiosMega Latios,Dragon,Psychic,700.0,80,130,100,160,120,110,3.0,True,120
382.0,Kyogre,Water,,670.0,100,100,90,150,140,90,3.0,True,108
382.0,KyogrePrimal Kyogre,Water,,770.0,100,150,90,180,160,90,3.0,True,108
383.0,Groudon,Ground,,670.0,100,150,140,100,90,90,3.0,True,168
383.0,GroudonPrimal Groudon,Ground,Fire,770.0,100,180,160,150,90,90,3.0,True,192
384.0,Rayquaza,Dragon,Flying,680.0,105,150,90,150,90,95,3.0,True,108
384.0,RayquazaMega Rayquaza,Dragon,Flying,780.0,105,180,100,180,100,115,3.0,True,120
385.0,Jirachi,Steel,Psychic,600.0,100,100,100,100,100,100,3.0,True,120
386.0,DeoxysNormal Forme,Psychic,,600.0,50,150,50,150,50,150,3.0,True,60
386.0,DeoxysAttack Forme,Psychic,,600.0,50,180,20,180,20,150,3.0,True,24
386.0,DeoxysDefense Forme,Psychic,,600.0,50,70,160,70,160,90,3.0,True,192
386.0,DeoxysSpeed Forme,Psychic,,600.0,50,95,90,95,90,180,3.0,True,108
387.0,Turtwig,Grass,,318.0,55,68,64,45,55,31,4.0,False,76
388.0,Grotle,Grass,,405.0,75,89,85,55,65,36,4.0,False,102
389.0,Torterra,Grass,Ground,525.0,95,109,105,75,85,56,4.0,False,126
390.0,Chimchar,Fire,,309.0,44,58,44,58,44,61,4.0,False,52
391.0,Monferno,Fire,Fighting,405.0,64,78,52,78,52,81,4.0,False,62
392.0,Infernape,Fire,Fighting,534.0,76,104,71,104,71,108,4.0,False,85
393.0,Piplup,Water,,314.0,53,51,53,61,56,40,4.0,False,63
394.0,Prinplup,Water,,405.0,64,66,68,81,76,50,4.0,False,81
395.0,Empoleon,Water,Steel,530.0,84,86,88,111,101,60,4.0,False,105
396.0,Starly,Normal,Flying,245.0,40,55,30,30,30,60,4.0,False,36
397.0,Staravia,Normal,Flying,340.0,55,75,50,40,40,80,4.0,False,60
398.0,Staraptor,Normal,Flying,485.0,85,120,70,50,60,100,4.0,False,84
399.0,Bidoof,Normal,,250.0,59,45,40,35,40,31,4.0,False,48
400.0,Bibarel,Normal,Water,410.0,79,85,60,55,60,71,4.0,False,72
401.0,Kricketot,Bug,,194.0,37,25,41,25,41,25,4.0,False,49
402.0,Kricketune,Bug,,384.0,77,85,51,55,51,65,4.0,False,61
403.0,Shinx,Electric,,263.0,45,65,34,40,34,45,4.0,False,40
404.0,Luxio,Electric,,363.0,60,85,49,60,49,60,4.0,False,58
405.0,Luxray,Electric,,523.0,80,120,79,95,79,70,4.0,False,94
406.0,Budew,Grass,Poison,280.0,40,30,35,50,70,55,4.0,False,42
407.0,Roserade,Grass,Poison,515.0,60,70,65,125,105,90,4.0,False,78
408.0,Cranidos,Rock,,350.0,67,125,40,30,30,58,4.0,False,48
409.0,Rampardos,Rock,,495.0,97,165,60,65,50,58,4.0,False,72
410.0,Shieldon,Rock,Steel,350.0,30,42,118,42,88,30,4.0,False,141
411.0,Bastiodon,Rock,Steel,495.0,60,52,168,47,138,30,4.0,False,201
412.0,Burmy,Bug,,224.0,40,29,45,29,45,36,4.0,False,54
413.0,WormadamPlant Cloak,Bug,Grass,424.0,60,59,85,79,105,36,4.0,False,102
413.0,WormadamSandy Cloak,Bug,Ground,424.0,60,79,105,59,85,36,4.0,False,126
413.0,WormadamTrash Cloak,Bug,Steel,424.0,60,69,95,69,95,36,4.0,False,114
414.0,Mothim,Bug,Flying,424.0,70,94,50,94,50,66,4.0,False,60
415.0,Combee,Bug,Flying,244.0,30,30,42,30,42,70,4.0,False,50
416.0,Vespiquen,Bug,Flying,474.0,70,80,102,80,102,40,4.0,False,122
417.0,Pachirisu,Electric,,405.0,60,45,70,45,90,95,4.0,False,84
418.0,Buizel,Water,,330.0,55,65,35,60,30,85,4.0,False,42
419.0,Floatzel,Water,,495.0,85,105,55,85,50,115,4.0,False,66
420.0,Cherubi,Grass,,275.0,45,35,45,62,53,35,4.0,False,54
421.0,Cherrim,Grass,,450.0,70,60,70,87,78,85,4.0,False,84
422.0,Shellos,Water,,325.0,76,48,48,57,62,34,4.0,False,57
423.0,Gastrodon,Water,Ground,475.0,111,83,68,92,82,39,4.0,False,81
424.0,Ambipom,Normal,,482.0,75,100,66,60,66,115,4.0,False,79
425.0,Drifloon,Ghost,Flying,348.0,90,50,34,60,44,70,4.0,False,40
426.0,Drifblim,Ghost,Flying,498.0,150,80,44,90,54,80,4.0,False,52
427.0,Buneary,Normal,,350.0,55,66,44,44,56,85,4.0,False,52
428.0,Lopunny,Normal,,480.0,65,76,84,54,96,105,4.0,False,100
428.0,LopunnyMega Lopunny,Normal,Fighting,580.0,65,136,94,54,96,135,4.0,False,112
429.0,Mismagius,Ghost,,495.0,60,60,60,105,105,105,4.0,False,72
430.0,Honchkrow,Dark,Flying,505.0,100,125,52,105,52,71,4.0,False,62
431.0,Glameow,Normal,,310.0,49,55,42,42,37,85,4.0,False,50
432.0,Purugly,Normal,,452.0,71,82,64,64,59,112,4.0,False,76
433.0,Chingling,Psychic,,285.0,45,30,50,65,50,45,4.0,False,60
434.0,Stunky,Poison,Dark,329.0,63,63,47,41,41,74,4.0,False,56
435.0,Skuntank,Poison,Dark,479.0,103,93,67,71,61,84,4.0,False,80
436.0,Bronzor,Steel,Psychic,300.0,57,24,86,24,86,23,4.0,False,103
437.0,Bronzong,Steel,Psychic,500.0,67,89,116,79,116,33,4.0,False,139
438.0,Bonsly,Rock,,290.0,50,80,95,10,45,10,4.0,False,114
439.0,Mime Jr.,Psychic,Fairy,310.0,20,25,45,70,90,60,4.0,False,54
440.0,Happiny,Normal,,220.0,100,5,5,15,65,30,4.0,False,6
441.0,Chatot,Normal,Flying,411.0,76,65,45,92,42,91,4.0,False,54
442.0,Spiritomb,Ghost,Dark,485.0,50,92,108,92,108,35,4.0,False,129
443.0,Gible,Dragon,Ground,300.0,58,70,45,40,45,42,4.0,False,54
444.0,Gabite,Dragon,Ground,410.0,68,90,65,50,55,82,4.0,False,78
445.0,Garchomp,Dragon,Ground,600.0,108,130,95,80,85,102,4.0,False,114
445.0,GarchompMega Garchomp,Dragon,Ground,700.0,108,170,115,120,95,92,4.0,False,138
446.0,Munchlax,Normal,,390.0,135,85,40,40,85,5,4.0,False,48
447.0,Riolu,Fighting,,285.0,40,70,40,35,40,60,4.0,False,48
448.0,Lucario,Fighting,Steel,525.0,70,110,70,115,70,90,4.0,False,84
448.0,LucarioMega Lucario,Fighting,Steel,625.0,70,145,88,140,70,112,4.0,False,105
449.0,Hippopotas,Ground,,330.0,68,72,78,38,42,32,4.0,False,93
450.0,Hippowdon,Ground,,525.0,108,112,118,68,72,47,4.0,False,141
451.0,Skorupi,Poison,Bug,330.0,40,50,90,30,55,65,4.0,False,108
452.0,Drapion,Poison,Dark,500.0,70,90,110,60,75,95,4.0,False,132
453.0,Croagunk,Poison,Fighting,300.0,48,61,40,61,40,50,4.0,False,48
454.0,Toxicroak,Poison,Fighting,490.0,83,106,65,86,65,85,4.0,False,78
455.0,Carnivine,Grass,,454.0,74,100,72,90,72,46,4.0,False,86
456.0,Finneon,Water,,330.0,49,49,56,49,61,66,4.0,False,67
457.0,Lumineon,Water,,460.0,69,69,76,69,86,91,4.0,False,91
458.0,Mantyke,Water,Flying,345.0,45,20,50,60,120,50,4.0,False,60
459.0,Snover,Grass,Ice,334.0,60,62,50,62,60,40,4.0,False,60
460.0,Abomasnow,Grass,Ice,494.0,90,92,75,92,85,60,4.0,False,90
460.0,AbomasnowMega Abomasnow,Grass,Ice,594.0,90,132,105,132,105,30,4.0,False,126
461.0,Weavile,Dark,Ice,510.0,70,120,65,45,85,125,4.0,False,78
462.0,Magnezone,Electric,Steel,535.0,70,70,115,130,90,60,4.0,False,138
463.0,Lickilicky,Normal,,515.0,110,85,95,80,95,50,4.0,False,114
464.0,Rhyperior,Ground,Rock,535.0,115,140,130,55,55,40,4.0,False,156
465.0,Tangrowth,Grass,,535.0,100,100,125,110,50,50,4.0,False,150
466.0,Electivire,Electric,,540.0,75,123,67,95,85,95,4.0,False,80
467.0,Magmortar,Fire,,540.0,75,95,67,125,95,83,4.0,False,80
468.0,Togekiss,Fairy,Flying,545.0,85,50,95,120,115,80,4.0,False,114
469.0,Yanmega,Bug,Flying,515.0,86,76,86,116,56,95,4.0,False,103
470.0,Leafeon,Grass,,525.0,65,110,130,60,65,95,4.0,False,156
471.0,Glaceon,Ice,,525.0,65,60,110,130,95,65,4.0,False,132
472.0,Gliscor,Ground,Flying,510.0,75,95,125,45,75,95,4.0,False,150
473.0,Mamoswine,Ice,Ground,530.0,110,130,80,70,60,80,4.0,False,96
474.0,Porygon-Z,Normal,,535.0,85,80,70,135,75,90,4.0,False,84
475.0,Gallade,Psychic,Fighting,518.0,68,125,65,65,115,80,4.0,False,78
475.0,GalladeMega Gallade,Psychic,Fighting,618.0,68,165,95,65,115,110,4.0,False,114
476.0,Probopass,Rock,Steel,525.0,60,55,145,75,150,40,4.0,False,174
477.0,Dusknoir,Ghost,,525.0,45,100,135,65,135,45,4.0,False,162
478.0,Froslass,Ice,Ghost,480.0,70,80,70,80,70,110,4.0,False,84
479.0,Rotom,Electric,Ghost,440.0,50,50,77,95,77,91,4.0,False,92
479.0,RotomHeat Rotom,Electric,Fire,520.0,50,65,107,105,107,86,4.0,False,128
479.0,RotomWash Rotom,Electric,Water,520.0,50,65,107,105,107,86,4.0,False,128
479.0,RotomFrost Rotom,Electric,Ice,520.0,50,65,107,105,107,86,4.0,False,128
479.0,RotomFan Rotom,Electric,Flying,520.0,50,65,107,105,107,86,4.0,False,128
479.0,RotomMow Rotom,Electric,Grass,520.0,50,65,107,105,107,86,4.0,False,128
480.0,Uxie,Psychic,,580.0,75,75,130,75,130,95,4.0,True,156
481.0,Mesprit,Psychic,,580.0,80,105,105,105,105,80,4.0,True,126
482.0,Azelf,Psychic,,580.0,75,125,70,125,70,115,4.0,True,84
483.0,Dialga,Steel,Dragon,680.0,100,120,120,150,100,90,4.0,True,144
484.0,Palkia,Water,Dragon,680.0,90,120,100,150,120,100,4.0,True,120
485.0,Heatran,Fire,Steel,600.0,91,90,106,130,106,77,4.0,True,127
486.0,Regigigas,Normal,,670.0,110,160,110,80,110,100,4.0,True,132
487.0,GiratinaAltered Forme,Ghost,Dragon,680.0,150,100,120,100,120,90,4.0,True,144
487.0,GiratinaOrigin Forme,Ghost,Dragon,680.0,150,120,100,120,100,90,4.0,True,120
488.0,Cresselia,Psychic,,600.0,120,70,120,75,130,85,4.0,False,144
489.0,Phione,Water,,480.0,80,80,80,80,80,80,4.0,False,96
490.0,Manaphy,Water,,600.0,100,100,100,100,100,100,4.0,False,120
491.0,Darkrai,Dark,,600.0,70,90,90,135,90,125,4.0,True,108
492.0,ShayminLand Forme,Grass,,600.0,100,100,100,100,100,100,4.0,True,120
492.0,ShayminSky Forme,Grass,Flying,600.0,100,103,75,120,75,127,4.0,True,90
493.0,Arceus,Normal,,720.0,120,120,120,120,120,120,4.0,True,144
494.0,Victini,Psychic,Fire,600.0,100,100,100,100,100,100,5.0,True,120
495.0,Snivy,Grass,,308.0,45,45,55,45,55,63,5.0,False,66
496.0,Servine,Grass,,413.0,60,60,75,60,75,83,5.0,False,90
497.0,Serperior,Grass,,528.0,75,75,95,75,95,113,5.0,False,114
498.0,Tepig,Fire,,308.0,65,63,45,45,45,45,5.0,False,54
499.0,Pignite,Fire,Fighting,418.0,90,93,55,70,55,55,5.0,False,66
500.0,Emboar,Fire,Fighting,528.0,110,123,65,100,65,65,5.0,False,78
501.0,Oshawott,Water,,308.0,55,55,45,63,45,45,5.0,False,54
502.0,Dewott,Water,,413.0,75,75,60,83,60,60,5.0,False,72
503.0,Samurott,Water,,528.0,95,100,85,108,70,70,5.0,False,102
504.0,Patrat,Normal,,255.0,45,55,39,35,39,42,5.0,False,46
505.0,Watchog,Normal,,420.0,60,85,69,60,69,77,5.0,False,82
506.0,Lillipup,Normal,,275.0,45,60,45,25,45,55,5.0,False,54
507.0,Herdier,Normal,,370.0,65,80,65,35,65,60,5.0,False,78
508.0,Stoutland,Normal,,500.0,85,110,90,45,90,80,5.0,False,108
509.0,Purrloin,Dark,,281.0,41,50,37,50,37,66,5.0,False,44
510.0,Liepard,Dark,,446.0,64,88,50,88,50,106,5.0,False,60
511.0,Pansage,Grass,,316.0,50,53,48,53,48,64,5.0,False,57
512.0,Simisage,Grass,,498.0,75,98,63,98,63,101,5.0,False,75
513.0,Pansear,Fire,,316.0,50,53,48,53,48,64,5.0,False,57
514.0,Simisear,Fire,,498.0,75,98,63,98,63,101,5.0,False,75
515.0,Panpour,Water,,316.0,50,53,48,53,48,64,5.0,False,57
516.0,Simipour,Water,,498.0,75,98,63,98,63,101,5.0,False,75
517.0,Munna,Psychic,,292.0,76,25,45,67,55,24,5.0,False,54
518.0,Musharna,Psychic,,487.0,116,55,85,107,95,29,5.0,False,102
519.0,Pidove,Normal,Flying,264.0,50,55,50,36,30,43,5.0,False,60
520.0,Tranquill,Normal,Flying,358.0,62,77,62,50,42,65,5.0,False,74
521.0,Unfezant,Normal,Flying,488.0,80,115,80,65,55,93,5.0,False,96
522.0,Blitzle,Electric,,295.0,45,60,32,50,32,76,5.0,False,38
523.0,Zebstrika,Electric,,497.0,75,100,63,80,63,116,5.0,False,75
524.0,Roggenrola,Rock,,280.0,55,75,85,25,25,15,5.0,False,102
525.0,Boldore,Rock,,390.0,70,105,105,50,40,20,5.0,False,126
526.0,Gigalith,Rock,,515.0,85,135,130,60,80,25,5.0,False,156
527.0,Woobat,Psychic,Flying,313.0,55,45,43,55,43,72,5.0,False,51
528.0,Swoobat,Psychic,Flying,425.0,67,57,55,77,55,114,5.0,False,66
529.0,Drilbur,Ground,,328.0,60,85,40,30,45,68,5.0,False,48
530.0,Excadrill,Ground,Steel,508.0,110,135,60,50,65,88,5.0,False,72
531.0,Audino,Normal,,445.0,103,60,86,60,86,50,5.0,False,103
531.0,AudinoMega Audino,Normal,Fairy,545.0,103,60,126,80,126,50,5.0,False,151
532.0,Timburr,Fighting,,305.0,75,80,55,25,35,35,5.0,False,66
533.0,Gurdurr,Fighting,,405.0,85,105,85,40,50,40,5.0,False,102
534.0,Conkeldurr,Fighting,,505.0,105,140,95,55,65,45,5.0,False,114
535.0,Tympole,Water,,294.0,50,50,40,50,40,64,5.0,False,48
536.0,Palpitoad,Water,Ground,384.0,75,65,55,65,55,69,5.0,False,66
537.0,Seismitoad,Water,Ground,509.0,105,95,75,85,75,74,5.0,False,90
538.0,Throh,Fighting,,465.0,120,100,85,30,85,45,5.0,False,102
539.0,Sawk,Fighting,,465.0,75,125,75,30,75,85,5.0,False,90
540.0,Sewaddle,Bug,Grass,310.0,45,53,70,40,60,42,5.0,False,84
541.0,Swadloon,Bug,Grass,380.0,55,63,90,50,80,42,5.0,False,108
542.0,Leavanny,Bug,Grass,500.0,75,103,80,70,80,92,5.0,False,96
543.0,Venipede,Bug,Poison,260.0,30,45,59,30,39,57,5.0,False,70
544.0,Whirlipede,Bug,Poison,360.0,40,55,99,40,79,47,5.0,False,118
545.0,Scolipede,Bug,Poison,485.0,60,100,89,55,69,112,5.0,False,106
546.0,Cottonee,Grass,Fairy,280.0,40,27,60,37,50,66,5.0,False,72
547.0,Whimsicott,Grass,Fairy,480.0,60,67,85,77,75,116,5.0,False,102
548.0,Petilil,Grass,,280.0,45,35,50,70,50,30,5.0,False,60
549.0,Lilligant,Grass,,480.0,70,60,75,110,75,90,5.0,False,90
550.0,Basculin,Water,,460.0,70,92,65,80,55,98,5.0,False,78
551.0,Sandile,Ground,Dark,292.0,50,72,35,35,35,65,5.0,False,42
552.0,Krokorok,Ground,Dark,351.0,60,82,45,45,45,74,5.0,False,54
553.0,Krookodile,Ground,Dark,519.0,95,117,80,65,70,92,5.0,False,96
554.0,Darumaka,Fire,,315.0,70,90,45,15,45,50,5.0,False,54
555.0,DarmanitanStandard Mode,Fire,,480.0,105,140,55,30,55,95,5.0,False,66
555.0,DarmanitanZen Mode,Fire,Psychic,540.0,105,30,105,140,105,55,5.0,False,126
556.0,Maractus,Grass,,461.0,75,86,67,106,67,60,5.0,False,80
557.0,Dwebble,Bug,Rock,325.0,50,65,85,35,35,55,5.0,False,102
558.0,Crustle,Bug,Rock,475.0,70,95,125,65,75,45,5.0,False,150
559.0,Scraggy,Dark,Fighting,348.0,50,75,70,35,70,48,5.0,False,84
560.0,Scrafty,Dark,Fighting,488.0,65,90,115,45,115,58,5.0,False,138
561.0,Sigilyph,Psychic,Flying,490.0,72,58,80,103,80,97,5.0,False,96
562.0,Yamask,Ghost,,303.0,38,30,85,55,65,30,5.0,False,102
563.0,Cofagrigus,Ghost,,483.0,58,50,145,95,105,30,5.0,False,174
564.0,Tirtouga,Water,Rock,355.0,54,78,103,53,45,22,5.0,False,123
565.0,Carracosta,Water,Rock,495.0,74,108,133,83,65,32,5.0,False,159
566.0,Archen,Rock,Flying,401.0,55,112,45,74,45,70,5.0,False,54
567.0,Archeops,Rock,Flying,567.0,75,140,65,112,65,110,5.0,False,78
568.0,Trubbish,Poison,,329.0,50,50,62,40,62,65,5.0,False,74
569.0,Garbodor,Poison,,474.0,80,95,82,60,82,75,5.0,False,98
570.0,Zorua,Dark,,330.0,40,65,40,80,40,65,5.0,False,48
571.0,Zoroark,Dark,,510.0,60,105,60,120,60,105,5.0,False,72
572.0,Minccino,Normal,,300.0,55,50,40,40,40,75,5.0,False,48
573.0,Cinccino,Normal,,470.0,75,95,60,65,60,115,5.0,False,72
574.0,Gothita,Psychic,,290.0,45,30,50,55,65,45,5.0,False,60
575.0,Gothorita,Psychic,,390.0,60,45,70,75,85,55,5.0,False,84
576.0,Gothitelle,Psychic,,490.0,70,55,95,95,110,65,5.0,False,114
577.0,Solosis,Psychic,,290.0,45,30,40,105,50,20,5.0,False,48
578.0,Duosion,Psychic,,370.0,65,40,50,125,60,30,5.0,False,60
579.0,Reuniclus,Psychic,,490.0,110,65,75,125,85,30,5.0,False,90
580.0,Ducklett,Water,Flying,305.0,62,44,50,44,50,55,5.0,False,60
581.0,Swanna,Water,Flying,473.0,75,87,63,87,63,98,5.0,False,75
582.0,Vanillite,Ice,,305.0,36,50,50,65,60,44,5.0,False,60
583.0,Vanillish,Ice,,395.0,51,65,65,80,75,59,5.0,False,78
584.0,Vanilluxe,Ice,,535.0,71,95,85,110,95,79,5.0,False,102
585.0,Deerling,Normal,Grass,335.0,60,60,50,40,50,75,5.0,False,60
586.0,Sawsbuck,Normal,Grass,475.0,80,100,70,60,70,95,5.0,False,84
587.0,Emolga,Electric,Flying,428.0,55,75,60,75,60,103,5.0,False,72
588.0,Karrablast,Bug,,315.0,50,75,45,40,45,60,5.0,False,54
589.0,Escavalier,Bug,Steel,495.0,70,135,105,60,105,20,5.0,False,126
590.0,Foongus,Grass,Poison,294.0,69,55,45,55,55,15,5.0,False,54
591.0,Amoonguss,Grass,Poison,464.0,114,85,70,85,80,30,5.0,False,84
592.0,Frillish,Water,Ghost,335.0,55,40,50,65,85,40,5.0,False,60
593.0,Jellicent,Water,Ghost,480.0,100,60,70,85,105,60,5.0,False,84
594.0,Alomomola,Water,,470.0,165,75,80,40,45,65,5.0,False,96
595.0,Joltik,Bug,Electric,319.0,50,47,50,57,50,65,5.0,False,60
596.0,Galvantula,Bug,Electric,472.0,70,77,60,97,60,108,5.0,False,72
597.0,Ferroseed,Grass,Steel,305.0,44,50,91,24,86,10,5.0,False,109
598.0,Ferrothorn,Grass,Steel,489.0,74,94,131,54,116,20,5.0,False,157
599.0,Klink,Steel,,300.0,40,55,70,45,60,30,5.0,False,84
600.0,Klang,Steel,,440.0,60,80,95,70,85,50,5.0,False,114
601.0,Klinklang,Steel,,520.0,60,100,115,70,85,90,5.0,False,138
602.0,Tynamo,Electric,,275.0,35,55,40,45,40,60,5.0,False,48
603.0,Eelektrik,Electric,,405.0,65,85,70,75,70,40,5.0,False,84
604.0,Eelektross,Electric,,515.0,85,115,80,105,80,50,5.0,False,96
605.0,Elgyem,Psychic,,335.0,55,55,55,85,55,30,5.0,False,66
606.0,Beheeyem,Psychic,,485.0,75,75,75,125,95,40,5.0,False,90
607.0,Litwick,Ghost,Fire,275.0,50,30,55,65,55,20,5.0,False,66
608.0,Lampent,Ghost,Fire,370.0,60,40,60,95,60,55,5.0,False,72
609.0,Chandelure,Ghost,Fire,520.0,60,55,90,145,90,80,5.0,False,108
610.0,Axew,Dragon,,320.0,46,87,60,30,40,57,5.0,False,72
611.0,Fraxure,Dragon,,410.0,66,117,70,40,50,67,5.0,False,84
612.0,Haxorus,Dragon,,540.0,76,147,90,60,70,97,5.0,False,108
613.0,Cubchoo,Ice,,305.0,55,70,40,60,40,40,5.0,False,48
614.0,Beartic,Ice,,485.0,95,110,80,70,80,50,5.0,False,96
615.0,Cryogonal,Ice,,485.0,70,50,30,95,135,105,5.0,False,36
616.0,Shelmet,Bug,,305.0,50,40,85,40,65,25,5.0,False,102
617.0,Accelgor,Bug,,495.0,80,70,40,100,60,145,5.0,False,48
618.0,Stunfisk,Ground,Electric,471.0,109,66,84,81,99,32,5.0,False,100
619.0,Mienfoo,Fighting,,350.0,45,85,50,55,50,65,5.0,False,60
620.0,Mienshao,Fighting,,510.0,65,125,60,95,60,105,5.0,False,72
621.0,Druddigon,Dragon,,485.0,77,120,90,60,90,48,5.0,False,108
622.0,Golett,Ground,Ghost,303.0,59,74,50,35,50,35,5.0,False,60
623.0,Golurk,Ground,Ghost,483.0,89,124,80,55,80,55,5.0,False,96
624.0,Pawniard,Dark,Steel,340.0,45,85,70,40,40,60,5.0,False,84
625.0,Bisharp,Dark,Steel,490.0,65,125,100,60,70,70,5.0,False,120
626.0,Bouffalant,Normal,,490.0,95,110,95,40,95,55,5.0,False,114
627.0,Rufflet,Normal,Flying,350.0,70,83,50,37,50,60,5.0,False,60
628.0,Braviary,Normal,Flying,510.0,100,123,75,57,75,80,5.0,False,90
629.0,Vullaby,Dark,Flying,370.0,70,55,75,45,65,60,5.0,False,90
630.0,Mandibuzz,Dark,Flying,510.0,110,65,105,55,95,80,5.0,False,126
631.0,Heatmor,Fire,,484.0,85,97,66,105,66,65,5.0,False,79
632.0,Durant,Bug,Steel,484.0,58,109,112,48,48,109,5.0,False,134
633.0,Deino,Dark,Dragon,300.0,52,65,50,45,50,38,5.0,False,60
634.0,Zweilous,Dark,Dragon,420.0,72,85,70,65,70,58,5.0,False,84
635.0,Hydreigon,Dark,Dragon,600.0,92,105,90,125,90,98,5.0,False,108
636.0,Larvesta,Bug,Fire,360.0,55,85,55,50,55,60,5.0,False,66
637.0,Volcarona,Bug,Fire,550.0,85,60,65,135,105,100,5.0,False,78
638.0,Cobalion,Steel,Fighting,580.0,91,90,129,90,72,108,5.0,True,154
639.0,Terrakion,Rock,Fighting,580.0,91,129,90,72,90,108,5.0,True,108
640.0,Virizion,Grass,Fighting,580.0,91,90,72,90,129,108,5.0,True,86
641.0,TornadusIncarnate Forme,Flying,,580.0,79,115,70,125,80,111,5.0,True,84
641.0,TornadusTherian Forme,Flying,,580.0,79,100,80,110,90,121,5.0,True,96
642.0,ThundurusIncarnate Forme,Electric,Flying,580.0,79,115,70,125,80,111,5.0,True,84
642.0,ThundurusTherian Forme,Electric,Flying,580.0,79,105,70,145,80,101,5.0,True,84
643.0,Reshiram,Dragon,Fire,680.0,100,120,100,150,120,90,5.0,True,120
644.0,Zekrom,Dragon,Electric,680.0,100,150,120,120,100,90,5.0,True,144
645.0,LandorusIncarnate Forme,Ground,Flying,600.0,89,125,90,115,80,101,5.0,True,108
645.0,LandorusTherian Forme,Ground,Flying,600.0,89,145,90,105,80,91,5.0,True,108
646.0,Kyurem,Dragon,Ice,660.0,125,130,90,130,90,95,5.0,True,108
646.0,KyuremBlack Kyurem,Dragon,Ice,700.0,125,170,100,120,90,95,5.0,True,120
646.0,KyuremWhite Kyurem,Dragon,Ice,700.0,125,120,90,170,100,95,5.0,True,108
647.0,KeldeoOrdinary Forme,Water,Fighting,580.0,91,72,90,129,90,108,5.0,False,108
647.0,KeldeoResolute Forme,Water,Fighting,580.0,91,72,90,129,90,108,5.0,False,108
648.0,MeloettaAria Forme,Normal,Psychic,600.0,100,77,77,128,128,90,5.0,False,92
648.0,MeloettaPirouette Forme,Normal,Fighting,600.0,100,128,90,77,77,128,5.0,False,108
649.0,Genesect,Bug,Steel,600.0,71,120,95,120,95,99,5.0,False,114
650.0,Chespin,Grass,,313.0,56,61,65,48,45,38,6.0,False,78
651.0,Quilladin,Grass,,405.0,61,78,95,56,58,57,6.0,False,114
652.0,Chesnaught,Grass,Fighting,530.0,88,107,122,74,75,64,6.0,False,146
653.0,Fennekin,Fire,,307.0,40,45,40,62,60,60,6.0,False,48
654.0,Braixen,Fire,,409.0,59,59,58,90,70,73,6.0,False,69
655.0,Delphox,Fire,Psychic,534.0,75,69,72,114,100,104,6.0,False,86
656.0,Froakie,Water,,314.0,41,56,40,62,44,71,6.0,False,48
657.0,Frogadier,Water,,405.0,54,63,52,83,56,97,6.0,False,62
658.0,Greninja,Water,Dark,530.0,72,95,67,103,71,122,6.0,False,80
659.0,Bunnelby,Normal,,237.0,38,36,38,32,36,57,6.0,False,45
660.0,Diggersby,Normal,Ground,423.0,85,56,77,50,77,78,6.0,False,92
661.0,Fletchling,Normal,Flying,278.0,45,50,43,40,38,62,6.0,False,51
662.0,Fletchinder,Fire,Flying,382.0,62,73,55,56,52,84,6.0,False,66
663.0,Talonflame,Fire,Flying,499.0,78,81,71,74,69,126,6.0,False,85
664.0,Scatterbug,Bug,,200.0,38,35,40,27,25,35,6.0,False,48
665.0,Spewpa,Bug,,213.0,45,22,60,27,30,29,6.0,False,72
666.0,Vivillon,Bug,Flying,411.0,80,52,50,90,50,89,6.0,False,60
667.0,Litleo,Fire,Normal,369.0,62,50,58,73,54,72,6.0,False,69
668.0,Pyroar,Fire,Normal,507.0,86,68,72,109,66,106,6.0,False,86
669.0,Flabébé,Fairy,,303.0,44,38,39,61,79,42,6.0,False,46
670.0,Floette,Fairy,,371.0,54,45,47,75,98,52,6.0,False,56
671.0,Florges,Fairy,,552.0,78,65,68,112,154,75,6.0,False,81
672.0,Skiddo,Grass,,350.0,66,65,48,62,57,52,6.0,False,57
673.0,Gogoat,Grass,,531.0,123,100,62,97,81,68,6.0,False,74
674.0,Pancham,Fighting,,348.0,67,82,62,46,48,43,6.0,False,74
675.0,Pangoro,Fighting,Dark,495.0,95,124,78,69,71,58,6.0,False,93
676.0,Furfrou,Normal,,472.0,75,80,60,65,90,102,6.0,False,72
677.0,Espurr,Psychic,,355.0,62,48,54,63,60,68,6.0,False,64
678.0,MeowsticMale,Psychic,,466.0,74,48,76,83,81,104,6.0,False,91
678.0,MeowsticFemale,Psychic,,466.0,74,48,76,83,81,104,6.0,False,91
679.0,Honedge,Steel,Ghost,325.0,45,80,100,35,37,28,6.0,False,120
680.0,Doublade,Steel,Ghost,448.0,59,110,150,45,49,35,6.0,False,180
681.0,AegislashBlade Forme,Steel,Ghost,520.0,60,150,50,150,50,60,6.0,False,60
681.0,AegislashShield Forme,Steel,Ghost,520.0,60,50,150,50,150,60,6.0,False,180
682.0,Spritzee,Fairy,,341.0,78,52,60,63,65,23,6.0,False,72
683.0,Aromatisse,Fairy,,462.0,101,72,72,99,89,29,6.0,False,86
684.0,Swirlix,Fairy,,341.0,62,48,66,59,57,49,6.0,False,79
685.0,Slurpuff,Fairy,,480.0,82,80,86,85,75,72,6.0,False,103
686.0,Inkay,Dark,Psychic,288.0,53,54,53,37,46,45,6.0,False,63
687.0,Malamar,Dark,Psychic,482.0,86,92,88,68,75,73,6.0,False,105
688.0,Binacle,Rock,Water,306.0,42,52,67,39,56,50,6.0,False,80
689.0,Barbaracle,Rock,Water,500.0,72,105,115,54,86,68,6.0,False,138
690.0,Skrelp,Poison,Water,320.0,50,60,60,60,60,30,6.0,False,72
691.0,Dragalge,Poison,Dragon,494.0,65,75,90,97,123,44,6.0,False,108
692.0,Clauncher,Water,,330.0,50,53,62,58,63,44,6.0,False,74
693.0,Clawitzer,Water,,500.0,71,73,88,120,89,59,6.0,False,105
694.0,Helioptile,Electric,Normal,289.0,44,38,33,61,43,70,6.0,False,39
695.0,Heliolisk,Electric,Normal,481.0,62,55,52,109,94,109,6.0,False,62
696.0,Tyrunt,Rock,Dragon,362.0,58,89,77,45,45,48,6.0,False,92
697.0,Tyrantrum,Rock,Dragon,521.0,82,121,119,69,59,71,6.0,False,142
698.0,Amaura,Rock,Ice,362.0,77,59,50,67,63,46,6.0,False,60
699.0,Aurorus,Rock,Ice,521.0,123,77,72,99,92,58,6.0,False,86
700.0,Sylveon,Fairy,,525.0,95,65,65,110,130,60,6.0,False,78
701.0,Hawlucha,Fighting,Flying,500.0,78,92,75,74,63,118,6.0,False,90
702.0,Dedenne,Electric,Fairy,431.0,67,58,57,81,67,101,6.0,False,68
703.0,Carbink,Rock,Fairy,500.0,50,50,150,50,150,50,6.0,False,180
704.0,Goomy,Dragon,,300.0,45,50,35,55,75,40,6.0,False,42
705.0,Sliggoo,Dragon,,452.0,68,75,53,83,113,60,6.0,False,63
706.0,Goodra,Dragon,,600.0,90,100,70,110,150,80,6.0,False,84
707.0,Klefki,Steel,Fairy,470.0,57,80,91,80,87,75,6.0,False,109
708.0,Phantump,Ghost,Grass,309.0,43,70,48,50,60,38,6.0,False,57
709.0,Trevenant,Ghost,Grass,474.0,85,110,76,65,82,56,6.0,False,91
710.0,PumpkabooAverage Size,Ghost,Grass,335.0,49,66,70,44,55,51,6.0,False,84
710.0,PumpkabooSmall Size,Ghost,Grass,335.0,44,66,70,44,55,56,6.0,False,84
710.0,PumpkabooLarge Size,Ghost,Grass,335.0,54,66,70,44,55,46,6.0,False,84
710.0,PumpkabooSuper Size,Ghost,Grass,335.0,59,66,70,44,55,41,6.0,False,84
711.0,GourgeistAverage Size,Ghost,Grass,494.0,65,90,122,58,75,84,6.0,False,146
711.0,GourgeistSmall Size,Ghost,Grass,494.0,55,85,122,58,75,99,6.0,False,146
711.0,GourgeistLarge Size,Ghost,Grass,494.0,75,95,122,58,75,69,6.0,False,146
711.0,GourgeistSuper Size,Ghost,Grass,494.0,85,100,122,58,75,54,6.0,False,146
712.0,Bergmite,Ice,,304.0,55,69,85,32,35,28,6.0,False,102
713.0,Avalugg,Ice,,514.0,95,117,184,44,46,28,6.0,False,220
714.0,Noibat,Flying,Dragon,245.0,40,30,35,45,40,55,6.0,False,42
715.0,Noivern,Flying,Dragon,535.0,85,70,80,97,80,123,6.0,False,96
716.0,Xerneas,Fairy,,680.0,126,131,95,131,98,99,6.0,True,114
717.0,Yveltal,Dark,Flying,680.0,126,131,95,131,98,99,6.0,True,114
718.0,Zygarde50% Forme,Dragon,Ground,600.0,108,100,121,81,95,95,6.0,True,145
719.0,Diancie,Rock,Fairy,600.0,50,100,150,100,150,50,6.0,True,180
719.0,DiancieMega Diancie,Rock,Fairy,700.0,50,160,110,160,110,110,6.0,True,132
720.0,HoopaHoopa Confined,Psychic,Ghost,600.0,80,110,60,150,130,70,6.0,True,72
720.0,HoopaHoopa Unbound,Psychic,Dark,680.0,80,160,60,170,130,80,6.0,True,72
721.0,Volcanion,Fire,Water,600.0,80,110,120,130,90,70,6.0,True,144
,Cybermon,Artificial,,,90,95,110,100,95,85,,,132
,Mechazard,Artificial,,,85,120,100,90,80,95,,,120
,Datagon,Artificial,,,100,110,120,105,110,70,,,144
,Roboflare,Artificial,,,75,130,80,120,85,115,,,96
,Neuralix,Artificial,,,95,100,105,130,125,80,,,126
,Cybermon,Artificial,,,90,95,110,100,95,85,,,132
,Mechazard,Artificial,,,85,120,100,90,80,95,,,120
,Datagon,Artificial,,,100,110,120,105,110,70,,,144
,Roboflare,Artificial,,,75,130,80,120,85,115,,,96
,Neuralix,Artificial,,,95,100,105,130,125,80,,,126
